"Country or Area","Year","Value","Value Footnotes"
"Afghanistan","2012","473007",""
"Afghanistan","2007","-677497",""
"Afghanistan","2002","804120",""
"Afghanistan","1997","-379474",""
"Afghanistan","1992","2227474",""
"Afghanistan","1987","-1484185",""
"Afghanistan","1982","-3418299",""
"Afghanistan","1977","-1117459",""
"Afghanistan","1972","-20000",""
"Afghanistan","1967","-20000",""
"Afghanistan","1962","-20000",""
"Albania","2012","-91750",""
"Albania","2007","-252926",""
"Albania","2002","-175406",""
"Albania","1997","-179606",""
"Albania","1992","-443212",""
"Albania","1987","-99",""
"Albania","1982","-99",""
"Albania","1977","-99",""
"Albania","1972","-99",""
"Albania","1967","-99",""
"Albania","1962","-99",""
"Algeria","2012","-143268",""
"Algeria","2007","-357340",""
"Algeria","2002","-205228",""
"Algeria","1997","-164413",""
"Algeria","1992","-128679",""
"Algeria","1987","-93302",""
"Algeria","1982","-81020",""
"Algeria","1977","-224833",""
"Algeria","1972","-247822",""
"Algeria","1967","-121335",""
"Algeria","1962","-284266",""
"Angola","2012","102322",""
"Angola","2007","85286",""
"Angola","2002","172594",""
"Angola","1997","-126701",""
"Angola","1992","142811",""
"Angola","1987","-150282",""
"Angola","1982","234149",""
"Angola","1977","11455",""
"Angola","1972","-80955",""
"Angola","1967","-201155",""
"Angola","1962","-135000",""
"Antigua and Barbuda","2012","-56",""
"Antigua and Barbuda","2007","-92",""
"Antigua and Barbuda","2002","-282",""
"Antigua and Barbuda","1997","4421",""
"Antigua and Barbuda","1992","2617",""
"Antigua and Barbuda","1987","-7629",""
"Antigua and Barbuda","1982","-8840",""
"Antigua and Barbuda","1977","-3492",""
"Antigua and Barbuda","1972","-2874",""
"Antigua and Barbuda","1967","-1625",""
"Antigua and Barbuda","1962","-1703",""
"Arab World","2012","-1168750",""
"Arab World","2007","4413525",""
"Arab World","2002","396646",""
"Arab World","1997","-1432980",""
"Arab World","1992","293332",""
"Arab World","1987","-1021606",""
"Arab World","1982","103693",""
"Arab World","1977","1697107",""
"Arab World","1972","-876979",""
"Arab World","1967","-849826",""
"Arab World","1962","-485569",""
"Argentina","2012","30000",""
"Argentina","2007","-84998",""
"Argentina","2002","-90000",""
"Argentina","1997","-80000",""
"Argentina","1992","29999",""
"Argentina","1987","160002",""
"Argentina","1982","139999",""
"Argentina","1977","-230001",""
"Argentina","1972","290000",""
"Argentina","1967","130001",""
"Argentina","1962","122001",""
"Armenia","2012","-9876",""
"Armenia","2007","-136009",""
"Armenia","2002","-143966",""
"Armenia","1997","-223873",""
"Armenia","1992","-496288",""
"Armenia","1987","-58313",""
"Armenia","1982","-22331",""
"Armenia","1977","35724",""
"Armenia","1972","86404",""
"Armenia","1967","103399",""
"Armenia","1962","70335",""
"Aruba","2012","1253",""
"Aruba","2007","-441",""
"Aruba","2002","6263",""
"Aruba","1997","6926",""
"Aruba","1992","14218",""
"Aruba","1987","-5194",""
"Aruba","1982","-1921",""
"Aruba","1977","-5470",""
"Aruba","1972","-3537",""
"Aruba","1967","-4275",""
"Aruba","1962","-4323",""
"Australia","2012","1023107",""
"Australia","2007","1132688",""
"Australia","2002","575104",""
"Australia","1997","377552",""
"Australia","1992","351078",""
"Australia","1987","666233",""
"Australia","1982","456227",""
"Australia","1977","235744",""
"Australia","1972","264129",""
"Australia","1967","852782",""
"Australia","1962","382989",""
"Austria","2012","147089",""
"Austria","2007","153763",""
"Austria","2002","178117",""
"Austria","1997","65082",""
"Austria","1992","227841",""
"Austria","1987","110999",""
"Austria","1982","18002",""
"Austria","1977","5502",""
"Austria","1972","82001",""
"Austria","1967","50401",""
"Austria","1962","15996",""
"Azerbaijan","2012","-16125",""
"Azerbaijan","2007","-96798",""
"Azerbaijan","2002","10655",""
"Azerbaijan","1997","-119785",""
"Azerbaijan","1992","-105573",""
"Azerbaijan","1987","-118757",""
"Azerbaijan","1982","-40822",""
"Azerbaijan","1977","-28122",""
"Azerbaijan","1972","14620",""
"Azerbaijan","1967","50466",""
"Azerbaijan","1962","66429",""
"Bahamas, The","2012","9672",""
"Bahamas, The","2007","14363",""
"Bahamas, The","2002","15483",""
"Bahamas, The","1997","-3097",""
"Bahamas, The","1992","-395",""
"Bahamas, The","1987","-1099",""
"Bahamas, The","1982","180",""
"Bahamas, The","1977","2791",""
"Bahamas, The","1972","887",""
"Bahamas, The","1967","14080",""
"Bahamas, The","1962","14357",""
"Bahrain","2012","29915",""
"Bahrain","2007","316544",""
"Bahrain","2002","133500",""
"Bahrain","1997","43086",""
"Bahrain","1992","5480",""
"Bahrain","1987","12899",""
"Bahrain","1982","3195",""
"Bahrain","1977","48962",""
"Bahrain","1972","19123",""
"Bahrain","1967","-7199",""
"Bahrain","1962","-4341",""
"Bangladesh","2012","-2226481",""
"Bangladesh","2007","-3570954",""
"Bangladesh","2002","-1700003",""
"Bangladesh","1997","-756121",""
"Bangladesh","1992","-853717",""
"Bangladesh","1987","-219363",""
"Bangladesh","1982","-837319",""
"Bangladesh","1977","-1101492",""
"Bangladesh","1972","-3028254",""
"Bangladesh","1967","-161822",""
"Bangladesh","1962","-142378",""
"Barbados","2012","2180",""
"Barbados","2007","2050",""
"Barbados","2002","-77",""
"Barbados","1997","-1323",""
"Barbados","1992","-3263",""
"Barbados","1987","-4077",""
"Barbados","1982","-5589",""
"Barbados","1977","-3595",""
"Barbados","1972","-5433",""
"Barbados","1967","-11880",""
"Barbados","1962","-15903",""
"Belarus","2012","120535",""
"Belarus","2007","63933",""
"Belarus","2002","-6382",""
"Belarus","1997","56146",""
"Belarus","1992","-63057",""
"Belarus","1987","-6309",""
"Belarus","1982","47114",""
"Belarus","1977","10001",""
"Belarus","1972","23022",""
"Belarus","1967","57574",""
"Belarus","1962","-125387",""
"Belgium","2012","269998",""
"Belgium","2007","267204",""
"Belgium","2002","247560",""
"Belgium","1997","67177",""
"Belgium","1992","115391",""
"Belgium","1987","44794",""
"Belgium","1982","13460",""
"Belgium","1977","70243",""
"Belgium","1972","39275",""
"Belgium","1967","86168",""
"Belgium","1962","71911",""
"Belize","2012","7594",""
"Belize","2007","8722",""
"Belize","2002","5797",""
"Belize","1997","11909",""
"Belize","1992","-9011",""
"Belize","1987","-5404",""
"Belize","1982","-5332",""
"Belize","1977","-13542",""
"Belize","1972","-10665",""
"Belize","1967","-2957",""
"Belize","1962","-2418",""
"Benin","2012","-10000",""
"Benin","2007","50000",""
"Benin","2002","98831",""
"Benin","1997","-29287",""
"Benin","1992","105000",""
"Benin","1987","-8723",""
"Benin","1982","-10848",""
"Benin","1977","-19393",""
"Benin","1972","-24845",""
"Benin","1967","-23742",""
"Benin","1962","-24295",""
"Bhutan","2012","10000",""
"Bhutan","2007","16829",""
"Bhutan","2002","34976",""
"Bhutan","1997","143",""
"Bhutan","1992","-85887",""
"Bhutan","1987","1595",""
"Bhutan","1982","797",""
"Bhutan","1977","15000",""
"Bhutan","1972","20000",""
"Bhutan","1967","10000",""
"Bhutan","1962","5000",""
"Bolivia","2012","-61794",""
"Bolivia","2007","-84003",""
"Bolivia","2002","-89995",""
"Bolivia","1997","-83002",""
"Bolivia","1992","-90997",""
"Bolivia","1987","-106998",""
"Bolivia","1982","-87002",""
"Bolivia","1977","-60007",""
"Bolivia","1972","-42998",""
"Bolivia","1967","-37001",""
"Bolivia","1962","-34003",""
"Bosnia and Herzegovina","2012","-2506",""
"Bosnia and Herzegovina","2007","3677",""
"Bosnia and Herzegovina","2002","34820",""
"Bosnia and Herzegovina","1997","-160020",""
"Bosnia and Herzegovina","1992","-748374",""
"Bosnia and Herzegovina","1987","-56374",""
"Bosnia and Herzegovina","1982","-29999",""
"Bosnia and Herzegovina","1977","-74999",""
"Bosnia and Herzegovina","1972","-74999",""
"Bosnia and Herzegovina","1967","-99999",""
"Bosnia and Herzegovina","1962","-50002",""
"Botswana","2012","20000",""
"Botswana","2007","18730",""
"Botswana","2002","21278",""
"Botswana","1997","24546",""
"Botswana","1992","17864",""
"Botswana","1987","5803",""
"Botswana","1982","601",""
"Botswana","1977","14845",""
"Botswana","1972","2326",""
"Botswana","1967","-6020",""
"Botswana","1962","-15000",""
"Brazil","2012","15924",""
"Brazil","2007","0",""
"Brazil","2002","0",""
"Brazil","1997","0",""
"Brazil","1992","0",""
"Brazil","1987","0",""
"Brazil","1982","0",""
"Brazil","1977","0",""
"Brazil","1972","0",""
"Brazil","1967","0",""
"Brazil","1962","0",""
"Brunei Darussalam","2012","2102",""
"Brunei Darussalam","2007","2441",""
"Brunei Darussalam","2002","2294",""
"Brunei Darussalam","1997","1852",""
"Brunei Darussalam","1992","1346",""
"Brunei Darussalam","1987","243",""
"Brunei Darussalam","1982","1827",""
"Brunei Darussalam","1977","5624",""
"Brunei Darussalam","1972","8005",""
"Brunei Darussalam","1967","10747",""
"Brunei Darussalam","1962","5209",""
"Bulgaria","2012","-50000",""
"Bulgaria","2007","-83002",""
"Bulgaria","2002","-83002",""
"Bulgaria","1997","-106602",""
"Bulgaria","1992","-356464",""
"Bulgaria","1987","-184143",""
"Bulgaria","1982","-22346",""
"Bulgaria","1977","-94868",""
"Bulgaria","1972","-43396",""
"Bulgaria","1967","-6423",""
"Bulgaria","1962","-1437",""
"Burkina Faso","2012","-125000",""
"Burkina Faso","2007","-125000",""
"Burkina Faso","2002","-125000",""
"Burkina Faso","1997","-137499",""
"Burkina Faso","1992","-150001",""
"Burkina Faso","1987","-183699",""
"Burkina Faso","1982","-217400",""
"Burkina Faso","1977","-217400",""
"Burkina Faso","1972","-170263",""
"Burkina Faso","1967","-144723",""
"Burkina Faso","1962","-144723",""
"Burundi","2012","40000",""
"Burundi","2007","163733",""
"Burundi","2002","112532",""
"Burundi","1997","-404999",""
"Burundi","1992","-250000",""
"Burundi","1987","-44320",""
"Burundi","1982","-86002",""
"Burundi","1977","-150288",""
"Burundi","1972","-260594",""
"Burundi","1967","-57900",""
"Burundi","1962","-84989",""
"Cambodia","2012","-149999",""
"Cambodia","2007","-295987",""
"Cambodia","2002","-35156",""
"Cambodia","1997","348495",""
"Cambodia","1992","409414",""
"Cambodia","1987","-78022",""
"Cambodia","1982","-88854",""
"Cambodia","1977","-84999",""
"Cambodia","1972","-125000",""
"Cambodia","1967","-225001",""
"Cambodia","1962","0",""
"Cameroon","2012","-60000",""
"Cameroon","2007","-90000",""
"Cameroon","2002","-90000",""
"Cameroon","1997","-80000",""
"Cameroon","1992","-80000",""
"Cameroon","1987","-65000",""
"Cameroon","1982","-55000",""
"Cameroon","1977","-8000",""
"Cameroon","1972","-2500",""
"Cameroon","1967","-1000",""
"Cameroon","1962","0",""
"Canada","2012","1175863",""
"Canada","2007","1229905",""
"Canada","2002","1026702",""
"Canada","1997","761611",""
"Canada","1992","698764",""
"Canada","1987","875013",""
"Canada","1982","376129",""
"Canada","1977","438027",""
"Canada","1972","771526",""
"Canada","1967","608528",""
"Canada","1962","178066",""
"Cape Verde","2012","-11052",""
"Cape Verde","2007","-25866",""
"Cape Verde","2002","-9859",""
"Cape Verde","1997","-2438",""
"Cape Verde","1992","-6376",""
"Cape Verde","1987","-27757",""
"Cape Verde","1982","-20313",""
"Cape Verde","1977","-27982",""
"Cape Verde","1972","-34907",""
"Cape Verde","1967","4267",""
"Cape Verde","1962","-1167",""
"Central African Republic","2012","10000",""
"Central African Republic","2007","5000",""
"Central African Republic","2002","-45000",""
"Central African Republic","1997","11293",""
"Central African Republic","1992","37392",""
"Central African Republic","1987","-40982",""
"Central African Republic","1982","40165",""
"Central African Republic","1977","-1000",""
"Central African Republic","1972","-20075",""
"Central African Republic","1967","13145",""
"Central African Republic","1962","11930",""
"Chad","2012","100000",""
"Chad","2007","70000",""
"Chad","2002","218966",""
"Chad","1997","69444",""
"Chad","1992","-10374",""
"Chad","1987","1418",""
"Chad","1982","-131245",""
"Chad","1977","-175500",""
"Chad","1972","-49050",""
"Chad","1967","-40950",""
"Chad","1962","-5000",""
"Channel Islands","2012","3654",""
"Channel Islands","2007","4479",""
"Channel Islands","2002","4592",""
"Channel Islands","1997","3778",""
"Channel Islands","1992","2120",""
"Channel Islands","1987","6085",""
"Channel Islands","1982","5380",""
"Channel Islands","1977","1726",""
"Channel Islands","1972","4250",""
"Channel Islands","1967","3880",""
"Channel Islands","1962","2934",""
"Chile","2012","201289",""
"Chile","2007","139345",""
"Chile","2002","93789",""
"Chile","1997","71640",""
"Chile","1992","62545",""
"Chile","1987","7909",""
"Chile","1982","-37305",""
"Chile","1977","-50998",""
"Chile","1972","-51769",""
"Chile","1967","-42595",""
"Chile","1962","-33751",""
"China","2012","-1800000",""
"China","2007","-2202103",""
"China","2002","-2144051",""
"China","1997","-507000",""
"China","1992","-823657",""
"China","1987","-154256",""
"China","1982","-258072",""
"China","1977","-428313",""
"China","1972","-1113125",""
"China","1967","-12737",""
"China","1962","-1058832",""
"Colombia","2012","-144998",""
"Colombia","2007","-143000",""
"Colombia","2002","-159003",""
"Colombia","1997","-190000",""
"Colombia","1992","-223998",""
"Colombia","1987","-254001",""
"Colombia","1982","-273997",""
"Colombia","1977","-286998",""
"Colombia","1972","-289998",""
"Colombia","1967","-281000",""
"Colombia","1962","-253998",""
"Comoros","2012","-10000",""
"Comoros","2007","-10000",""
"Comoros","2002","-10000",""
"Comoros","1997","-6000",""
"Comoros","1992","-3000",""
"Comoros","1987","-4500",""
"Comoros","1982","-4500",""
"Comoros","1977","10000",""
"Comoros","1972","-5500",""
"Comoros","1967","-5500",""
"Comoros","1962","-8491",""
"Congo, Dem. Rep.","2012","-95920",""
"Congo, Dem. Rep.","2007","-43426",""
"Congo, Dem. Rep.","2002","-241564",""
"Congo, Dem. Rep.","1997","-1006384",""
"Congo, Dem. Rep.","1992","1202404",""
"Congo, Dem. Rep.","1987","74515",""
"Congo, Dem. Rep.","1982","-446860",""
"Congo, Dem. Rep.","1977","100685",""
"Congo, Dem. Rep.","1972","27450",""
"Congo, Dem. Rep.","1967","241910",""
"Congo, Dem. Rep.","1962","122650",""
"Congo, Rep.","2012","-60000",""
"Congo, Rep.","2007","49872",""
"Congo, Rep.","2002","-13257",""
"Congo, Rep.","1997","35300",""
"Congo, Rep.","1992","15531",""
"Congo, Rep.","1987","1915",""
"Congo, Rep.","1982","2097",""
"Congo, Rep.","1977","-7408",""
"Congo, Rep.","1972","6945",""
"Congo, Rep.","1967","500",""
"Congo, Rep.","1962","0",""
"Costa Rica","2012","19658",""
"Costa Rica","2007","30339",""
"Costa Rica","2002","41792",""
"Costa Rica","1997","89527",""
"Costa Rica","1992","69202",""
"Costa Rica","1987","17417",""
"Costa Rica","1982","18876",""
"Costa Rica","1977","17425",""
"Costa Rica","1972","12638",""
"Costa Rica","1967","7827",""
"Costa Rica","1962","7905",""
"Cote d'Ivoire","2012","50000",""
"Cote d'Ivoire","2007","-220000",""
"Cote d'Ivoire","2002","-370000",""
"Cote d'Ivoire","1997","180000",""
"Cote d'Ivoire","1992","375000",""
"Cote d'Ivoire","1987","325000",""
"Cote d'Ivoire","1982","430000",""
"Cote d'Ivoire","1977","420000",""
"Cote d'Ivoire","1972","400000",""
"Cote d'Ivoire","1967","300000",""
"Cote d'Ivoire","1962","200000",""
"Croatia","2012","-20000",""
"Croatia","2007","-22532",""
"Croatia","2002","-2580",""
"Croatia","1997","-188129",""
"Croatia","1992","-143579",""
"Croatia","1987","26145",""
"Croatia","1982","54369",""
"Croatia","1977","18681",""
"Croatia","1972","-18403",""
"Croatia","1967","-1225",""
"Croatia","1962","1854",""
"Cuba","2012","-79999",""
"Cuba","2007","-193998",""
"Cuba","2002","-149998",""
"Cuba","1997","-163997",""
"Cuba","1992","-120006",""
"Cuba","1987","-69999",""
"Cuba","1982","-270000",""
"Cuba","1977","-160000",""
"Cuba","1972","-190000",""
"Cuba","1967","-250000",""
"Cuba","1962","-205000",""
"Cyprus","2012","35000",""
"Cyprus","2007","44166",""
"Cyprus","2002","61830",""
"Cyprus","1997","53260",""
"Cyprus","1992","43195",""
"Cyprus","1987","17167",""
"Cyprus","1982","-27634",""
"Cyprus","1977","-1215",""
"Cyprus","1972","3053",""
"Cyprus","1967","-7843",""
"Cyprus","1962","-43025",""
"Czech Republic","2012","29999",""
"Czech Republic","2007","250889",""
"Czech Republic","2002","47402",""
"Czech Republic","1997","46002",""
"Czech Republic","1992","29999",""
"Czech Republic","1987","5671",""
"Czech Republic","1982","-52946",""
"Czech Republic","1977","9999",""
"Czech Republic","1972","9999",""
"Czech Republic","1967","-129099",""
"Czech Republic","1962","24999",""
"Denmark","2012","96839",""
"Denmark","2007","87989",""
"Denmark","2002","46306",""
"Denmark","1997","74568",""
"Denmark","1992","65466",""
"Denmark","1987","32839",""
"Denmark","1982","9319",""
"Denmark","1977","14925",""
"Denmark","1972","23256",""
"Denmark","1967","21866",""
"Denmark","1962","2256",""
"Djibouti","2012","-15996",""
"Djibouti","2007","-19965",""
"Djibouti","2002","-18151",""
"Djibouti","1997","-16501",""
"Djibouti","1992","-15000",""
"Djibouti","1987","89998",""
"Djibouti","1982","9999",""
"Djibouti","1977","91193",""
"Djibouti","1972","34997",""
"Djibouti","1967","25000",""
"Djibouti","1962","18000",""
"Dominican Republic","2012","-153010",""
"Dominican Republic","2007","-153773",""
"Dominican Republic","2002","-152553",""
"Dominican Republic","1997","-150146",""
"Dominican Republic","1992","-144154",""
"Dominican Republic","1987","-134470",""
"Dominican Republic","1982","-118102",""
"Dominican Republic","1977","-87098",""
"Dominican Republic","1972","-70824",""
"Dominican Republic","1967","-56172",""
"Dominican Republic","1962","-43490",""
"East Asia & Pacific (all income levels)","2012","-1457489",""
"East Asia & Pacific (all income levels)","2007","-5719538",""
"East Asia & Pacific (all income levels)","2002","-2992651",""
"East Asia & Pacific (all income levels)","1997","-385097",""
"East Asia & Pacific (all income levels)","1992","-2395809",""
"East Asia & Pacific (all income levels)","1987","392043",""
"East Asia & Pacific (all income levels)","1982","713290",""
"East Asia & Pacific (all income levels)","1977","-1454415",""
"East Asia & Pacific (all income levels)","1972","-808879",""
"East Asia & Pacific (all income levels)","1967","628975",""
"East Asia & Pacific (all income levels)","1962","-479477",""
"East Asia & Pacific (developing only)","2012","-3728059",""
"East Asia & Pacific (developing only)","2007","-8308340",""
"East Asia & Pacific (developing only)","2002","-4975250",""
"East Asia & Pacific (developing only)","1997","-1362174",""
"East Asia & Pacific (developing only)","1992","-3110397",""
"East Asia & Pacific (developing only)","1987","-390019",""
"East Asia & Pacific (developing only)","1982","-525665",""
"East Asia & Pacific (developing only)","1977","-1912183",""
"East Asia & Pacific (developing only)","1972","-1239154",""
"East Asia & Pacific (developing only)","1967","-582028",""
"East Asia & Pacific (developing only)","1962","-1086544",""
"Ecuador","2012","-38001",""
"Ecuador","2007","-44999",""
"Ecuador","2002","-120002",""
"Ecuador","1997","-69999",""
"Ecuador","1992","-19000",""
"Ecuador","1987","-16998",""
"Ecuador","1982","-14001",""
"Ecuador","1977","-7198",""
"Ecuador","1972","-5499",""
"Ecuador","1967","-5500",""
"Ecuador","1962","-9002",""
"Egypt, Arab Rep.","2012","-215681",""
"Egypt, Arab Rep.","2007","-279228",""
"Egypt, Arab Rep.","2002","-67708",""
"Egypt, Arab Rep.","1997","-204143",""
"Egypt, Arab Rep.","1992","-452508",""
"Egypt, Arab Rep.","1987","-205428",""
"Egypt, Arab Rep.","1982","-389781",""
"Egypt, Arab Rep.","1977","-563569",""
"Egypt, Arab Rep.","1972","-546796",""
"Egypt, Arab Rep.","1967","-239700",""
"Egypt, Arab Rep.","1962","-50100",""
"El Salvador","2012","-240415",""
"El Salvador","2007","-285671",""
"El Salvador","2002","-312786",""
"El Salvador","1997","-326853",""
"El Salvador","1992","-265152",""
"El Salvador","1987","-256685",""
"El Salvador","1982","-231749",""
"El Salvador","1977","-164230",""
"El Salvador","1972","-90977",""
"El Salvador","1967","-44306",""
"El Salvador","1962","-24031",""
"Equatorial Guinea","2012","20000",""
"Equatorial Guinea","2007","20000",""
"Equatorial Guinea","2002","25000",""
"Equatorial Guinea","1997","20000",""
"Equatorial Guinea","1992","15000",""
"Equatorial Guinea","1987","15000",""
"Equatorial Guinea","1982","65000",""
"Equatorial Guinea","1977","-30000",""
"Equatorial Guinea","1972","-70000",""
"Equatorial Guinea","1967","0",""
"Equatorial Guinea","1962","0",""
"Eritrea","2012","-160001",""
"Eritrea","2007","-160001",""
"Eritrea","2002","110001",""
"Eritrea","1997","-70000",""
"Eritrea","1992","-400002",""
"Eritrea","1987","-40000",""
"Eritrea","1982","10000",""
"Eritrea","1977","10000",""
"Eritrea","1972","10000",""
"Eritrea","1967","4999",""
"Eritrea","1962","6997",""
"Estonia","2012","-11850",""
"Estonia","2007","-15151",""
"Estonia","2002","-18406",""
"Estonia","1997","-1197",""
"Estonia","1992","-111876",""
"Estonia","1987","15497",""
"Estonia","1982","25900",""
"Estonia","1977","30510",""
"Estonia","1972","30581",""
"Estonia","1967","41204",""
"Estonia","1962","43228",""
"Ethiopia","2012","-60001",""
"Ethiopia","2007","-50132",""
"Ethiopia","2002","-83182",""
"Ethiopia","1997","-155577",""
"Ethiopia","1992","1445274",""
"Ethiopia","1987","780074",""
"Ethiopia","1982","250001",""
"Ethiopia","1977","-2024797",""
"Ethiopia","1972","-59597",""
"Ethiopia","1967","-42182",""
"Ethiopia","1962","-19999",""
"Euro area","2012","1575613",""
"Euro area","2007","4638063",""
"Euro area","2002","6201684",""
"Euro area","1997","2840300",""
"Euro area","1992","4907571",""
"Euro area","1987","2441366",""
"Euro area","1982","745736",""
"Euro area","1977","1627705",""
"Euro area","1972","2255999",""
"Euro area","1967","247447",""
"Euro area","1962","974732",""
"Europe & Central Asia (all income levels)","2012","5547385",""
"Europe & Central Asia (all income levels)","2007","7418656",""
"Europe & Central Asia (all income levels)","2002","6969397",""
"Europe & Central Asia (all income levels)","1997","480855",""
"Europe & Central Asia (all income levels)","1992","1950916",""
"Europe & Central Asia (all income levels)","1987","949003",""
"Europe & Central Asia (all income levels)","1982","833519",""
"Europe & Central Asia (all income levels)","1977","1429251",""
"Europe & Central Asia (all income levels)","1972","2318325",""
"Europe & Central Asia (all income levels)","1967","377468",""
"Europe & Central Asia (all income levels)","1962","1533274",""
"Europe & Central Asia (developing only)","2012","2121162",""
"Europe & Central Asia (developing only)","2007","58963",""
"Europe & Central Asia (developing only)","2002","-793952",""
"Europe & Central Asia (developing only)","1997","-2809431",""
"Europe & Central Asia (developing only)","1992","-3419220",""
"Europe & Central Asia (developing only)","1987","-1406767",""
"Europe & Central Asia (developing only)","1982","237484",""
"Europe & Central Asia (developing only)","1977","-202389",""
"Europe & Central Asia (developing only)","1972","31783",""
"Europe & Central Asia (developing only)","1967","224818",""
"Europe & Central Asia (developing only)","1962","10238",""
"European Union","2012","2324066",""
"European Union","2007","5884417",""
"European Union","2002","6933624",""
"European Union","1997","2448237",""
"European Union","1992","4201189",""
"European Union","1987","1796483",""
"European Union","1982","265084",""
"European Union","1977","1548770",""
"European Union","1972","2173816",""
"European Union","1967","23657",""
"European Union","1962","1217105",""
"Fiji","2012","-28720",""
"Fiji","2007","-28754",""
"Fiji","2002","-61797",""
"Fiji","1997","-42260",""
"Fiji","1992","-35796",""
"Fiji","1987","-66875",""
"Fiji","1982","-11628",""
"Fiji","1977","-20709",""
"Fiji","1972","-12506",""
"Fiji","1967","-9567",""
"Fiji","1962","2451",""
"Finland","2012","107409",""
"Finland","2007","71143",""
"Finland","2002","31935",""
"Finland","1997","22154",""
"Finland","1992","47223",""
"Finland","1987","18268",""
"Finland","1982","26181",""
"Finland","1977","-29377",""
"Finland","1972","28880",""
"Finland","1967","-97937",""
"Finland","1962","-64984",""
"France","2012","331555",""
"France","2007","480787",""
"France","2002","739395",""
"France","1997","188966",""
"France","1992","303416",""
"France","1987","481869",""
"France","1982","268131",""
"France","1977","146855",""
"France","1972","805181",""
"France","1967","416217",""
"France","1962","1466682",""
"French Polynesia","2012","-500",""
"French Polynesia","2007","-3463",""
"French Polynesia","2002","77",""
"French Polynesia","1997","3483",""
"French Polynesia","1992","-4324",""
"French Polynesia","1987","241",""
"French Polynesia","1982","3650",""
"French Polynesia","1977","3844",""
"French Polynesia","1972","4388",""
"French Polynesia","1967","3344",""
"French Polynesia","1962","3190",""
"Gabon","2012","5000",""
"Gabon","2007","9566",""
"Gabon","2002","9566",""
"Gabon","1997","9566",""
"Gabon","1992","4999",""
"Gabon","1987","4999",""
"Gabon","1982","4999",""
"Gabon","1977","4999",""
"Gabon","1972","2999",""
"Gabon","1967","16188",""
"Gabon","1962","9410",""
"Gambia, The","2012","-13476",""
"Gambia, The","2007","-13742",""
"Gambia, The","2002","-13742",""
"Gambia, The","1997","-26418",""
"Gambia, The","1992","-14801",""
"Gambia, The","1987","48392",""
"Gambia, The","1982","19475",""
"Gambia, The","1977","-3380",""
"Gambia, The","1972","9392",""
"Gambia, The","1967","118",""
"Gambia, The","1962","-3232",""
"Georgia","2012","-296323",""
"Georgia","2007","-289534",""
"Georgia","2002","-309021",""
"Georgia","1997","-390036",""
"Georgia","1992","-544069",""
"Georgia","1987","-61577",""
"Georgia","1982","-18616",""
"Georgia","1977","-78920",""
"Georgia","1972","-32156",""
"Georgia","1967","24146",""
"Georgia","1962","51113",""
"Germany","2012","1249998",""
"Germany","2007","31640",""
"Germany","2002","1217",""
"Germany","1997","744288",""
"Germany","1992","3232654",""
"Germany","1987","1710683",""
"Germany","1982","23",""
"Germany","1977","288662",""
"Germany","1972","714153",""
"Germany","1967","917575",""
"Germany","1962","666962",""
"Ghana","2012","-49999",""
"Ghana","2007","189259",""
"Ghana","2002","165518",""
"Ghana","1997","-112636",""
"Ghana","1992","-16285",""
"Ghana","1987","-30003",""
"Ghana","1982","206001",""
"Ghana","1977","-563999",""
"Ghana","1972","-164002",""
"Ghana","1967","-361999",""
"Ghana","1962","0",""
"Greece","2012","-136299",""
"Greece","2007","80157",""
"Greece","2002","113586",""
"Greece","1997","297431",""
"Greece","1992","464636",""
"Greece","1987","158887",""
"Greece","1982","114020",""
"Greece","1977","330211",""
"Greece","1972","10771",""
"Greece","1967","-99122",""
"Greece","1962","-145243",""
"Grenada","2012","-4274",""
"Grenada","2007","-4274",""
"Grenada","2002","-4132",""
"Grenada","1997","-4912",""
"Grenada","1992","-3923",""
"Grenada","1987","-15001",""
"Grenada","1982","-288",""
"Grenada","1977","-12867",""
"Grenada","1972","-11426",""
"Grenada","1967","-9319",""
"Grenada","1962","-8968",""
"Guam","2012","0",""
"Guam","2007","-9776",""
"Guam","2002","-9556",""
"Guam","1997","-4116",""
"Guam","1992","1739",""
"Guam","1987","99",""
"Guam","1982","109",""
"Guam","1977","-1511",""
"Guam","1972","-2131",""
"Guam","1967","-1442",""
"Guam","1962","-2905",""
"Guatemala","2012","-120001",""
"Guatemala","2007","-132000",""
"Guatemala","2002","-199998",""
"Guatemala","1997","-280001",""
"Guatemala","1992","-260001",""
"Guatemala","1987","-250001",""
"Guatemala","1982","-220003",""
"Guatemala","1977","-180001",""
"Guatemala","1972","-81000",""
"Guatemala","1967","-40498",""
"Guatemala","1962","-19999",""
"Guinea","2012","-10000",""
"Guinea","2007","-55577",""
"Guinea","2002","-368004",""
"Guinea","1997","-246148",""
"Guinea","1992","800000",""
"Guinea","1987","162450",""
"Guinea","1982","-38000",""
"Guinea","1977","-353000",""
"Guinea","1972","-275000",""
"Guinea","1967","-18000",""
"Guinea","1962","-13857",""
"Guinea-Bissau","2012","-10000",""
"Guinea-Bissau","2007","-25000",""
"Guinea-Bissau","2002","-30000",""
"Guinea-Bissau","1997","-30000",""
"Guinea-Bissau","1992","-30000",""
"Guinea-Bissau","1987","-28000",""
"Guinea-Bissau","1982","-30000",""
"Guinea-Bissau","1977","-28000",""
"Guinea-Bissau","1972","-15000",""
"Guinea-Bissau","1967","-7230",""
"Guinea-Bissau","1962","-20000",""
"Guyana","2012","-27278",""
"Guyana","2007","-34129",""
"Guyana","2002","-58713",""
"Guyana","1997","-54757",""
"Guyana","1992","-76825",""
"Guyana","1987","-134808",""
"Guyana","1982","-121338",""
"Guyana","1977","-53966",""
"Guyana","1972","-52068",""
"Guyana","1967","-43195",""
"Guyana","1962","2132",""
"Haiti","2012","-150000",""
"Haiti","2007","-138004",""
"Haiti","2002","-139999",""
"Haiti","1997","-144998",""
"Haiti","1992","-140001",""
"Haiti","1987","-135001",""
"Haiti","1982","-124999",""
"Haiti","1977","-97999",""
"Haiti","1972","-88000",""
"Haiti","1967","-58003",""
"Haiti","1962","-51997",""
"Heavily indebted poor countries (HIPC)","2012","-2672487",""
"Heavily indebted poor countries (HIPC)","2007","-3090205",""
"Heavily indebted poor countries (HIPC)","2002","-1375699",""
"Heavily indebted poor countries (HIPC)","1997","-2697152",""
"Heavily indebted poor countries (HIPC)","1992","3134824",""
"Heavily indebted poor countries (HIPC)","1987","-2700825",""
"Heavily indebted poor countries (HIPC)","1982","-5433668",""
"Heavily indebted poor countries (HIPC)","1977","-3255550",""
"Heavily indebted poor countries (HIPC)","1972","-1164717",""
"Heavily indebted poor countries (HIPC)","1967","-253406",""
"Heavily indebted poor countries (HIPC)","1962","-274305",""
"High income","2012","15359563",""
"High income","2007","22686636",""
"High income","2002","18497281",""
"High income","1997","14460563",""
"High income","1992","11617847",""
"High income","1987","8638343",""
"High income","1982","7164586",""
"High income","1977","7928492",""
"High income","1972","7145777",""
"High income","1967","3635870",""
"High income","1962","3573488",""
"Honduras","2012","-80000",""
"Honduras","2007","-99997",""
"Honduras","2002","-149999",""
"Honduras","1997","-180003",""
"Honduras","1992","-119999",""
"Honduras","1987","-70001",""
"Honduras","1982","-50002",""
"Honduras","1977","-30000",""
"Honduras","1972","-50000",""
"Honduras","1967","-70000",""
"Honduras","1962","11000",""
"Hong Kong SAR, China","2012","150000",""
"Hong Kong SAR, China","2007","44716",""
"Hong Kong SAR, China","2002","-41256",""
"Hong Kong SAR, China","1997","550810",""
"Hong Kong SAR, China","1992","155840",""
"Hong Kong SAR, China","1987","160164",""
"Hong Kong SAR, China","1982","82471",""
"Hong Kong SAR, China","1977","401993",""
"Hong Kong SAR, China","1972","66508",""
"Hong Kong SAR, China","1967","-177802",""
"Hong Kong SAR, China","1962","224481",""
"Hungary","2012","29999",""
"Hungary","2007","95789",""
"Hungary","2002","66163",""
"Hungary","1997","78562",""
"Hungary","1992","96796",""
"Hungary","1987","-99736",""
"Hungary","1982","-119461",""
"Hungary","1977","51236",""
"Hungary","1972","-5948",""
"Hungary","1967","-9921",""
"Hungary","1962","3984",""
"Iceland","2012","-378",""
"Iceland","2007","8041",""
"Iceland","2002","3894",""
"Iceland","1997","1994",""
"Iceland","1992","-1054",""
"Iceland","1987","646",""
"Iceland","1982","260",""
"Iceland","1977","-3929",""
"Iceland","1972","-1061",""
"Iceland","1967","-2757",""
"Iceland","1962","-732",""
"India","2012","-2598218",""
"India","2007","-2829378",""
"India","2002","-2206411",""
"India","1997","-716900",""
"India","1992","-677938",""
"India","1987","45147",""
"India","1982","483097",""
"India","1977","1132181",""
"India","1972","2118323",""
"India","1967","-245182",""
"India","1962","-85382",""
"Indonesia","2012","-700000",""
"Indonesia","2007","-1116994",""
"Indonesia","2002","-851310",""
"Indonesia","1997","-344962",""
"Indonesia","1992","-381823",""
"Indonesia","1987","-166738",""
"Indonesia","1982","-49566",""
"Indonesia","1977","-202747",""
"Indonesia","1972","-90360",""
"Indonesia","1967","-40261",""
"Indonesia","1962","-107486",""
"Iran, Islamic Rep.","2012","-300001",""
"Iran, Islamic Rep.","2007","-549266",""
"Iran, Islamic Rep.","2002","-70307",""
"Iran, Islamic Rep.","1997","615293",""
"Iran, Islamic Rep.","1992","-2276004",""
"Iran, Islamic Rep.","1987","1344377",""
"Iran, Islamic Rep.","1982","1969420",""
"Iran, Islamic Rep.","1977","419996",""
"Iran, Islamic Rep.","1972","77633",""
"Iran, Islamic Rep.","1967","51755",""
"Iran, Islamic Rep.","1962","-7838",""
"Iraq","2012","548666",""
"Iraq","2007","-457332",""
"Iraq","2002","-266320",""
"Iraq","1997","-17859",""
"Iraq","1992","-154026",""
"Iraq","1987","-630184",""
"Iraq","1982","-199939",""
"Iraq","1977","-47791",""
"Iraq","1972","-8587",""
"Iraq","1967","-6877",""
"Iraq","1962","-1862",""
"Ireland","2012","-140001",""
"Ireland","2007","198144",""
"Ireland","2002","199949",""
"Ireland","1997","83412",""
"Ireland","1992","-10648",""
"Ireland","1987","-115193",""
"Ireland","1982","-50745",""
"Ireland","1977","53058",""
"Ireland","1972","37331",""
"Ireland","1967","-50860",""
"Ireland","1962","-109734",""
"Israel","2012","19497",""
"Israel","2007","273635",""
"Israel","2002","102935",""
"Israel","1997","245334",""
"Israel","1992","456923",""
"Israel","1987","65418",""
"Israel","1982","2604",""
"Israel","1977","62546",""
"Israel","1972","165879",""
"Israel","1967","72440",""
"Israel","1962","208759",""
"Italy","2012","528269",""
"Italy","2007","1006308",""
"Italy","2002","1624300",""
"Italy","1997","223974",""
"Italy","1992","152825",""
"Italy","1987","-10058",""
"Italy","1982","266352",""
"Italy","1977","164927",""
"Italy","1972","19396",""
"Italy","1967","-231781",""
"Italy","1962","-231607",""
"Jamaica","2012","-97000",""
"Jamaica","2007","-94999",""
"Jamaica","2002","-91999",""
"Jamaica","1997","-90002",""
"Jamaica","1992","-109999",""
"Jamaica","1987","-158694",""
"Jamaica","1982","-80344",""
"Jamaica","1977","-112462",""
"Jamaica","1972","-103176",""
"Jamaica","1967","-168398",""
"Jamaica","1962","-147722",""
"Japan","2012","350000",""
"Japan","2007","445267",""
"Japan","2002","622058",""
"Japan","1997","16977",""
"Japan","1992","451392",""
"Japan","1987","-628168",""
"Japan","1982","212063",""
"Japan","1977","45014",""
"Japan","1972","457099",""
"Japan","1967","878290",""
"Japan","1962","209163",""
"Jordan","2012","229617",""
"Jordan","2007","449998",""
"Jordan","2002","-93897",""
"Jordan","1997","-188262",""
"Jordan","1992","401472",""
"Jordan","1987","118198",""
"Jordan","1982","81657",""
"Jordan","1977","-80758",""
"Jordan","1972","-29706",""
"Jordan","1967","254352",""
"Jordan","1962","35715",""
"Kazakhstan","2012","159807",""
"Kazakhstan","2007","-35196",""
"Kazakhstan","2002","44530",""
"Kazakhstan","1997","-1324984",""
"Kazakhstan","1992","-1511745",""
"Kazakhstan","1987","-656091",""
"Kazakhstan","1982","-398259",""
"Kazakhstan","1977","-313630",""
"Kazakhstan","1972","-55461",""
"Kazakhstan","1967","173343",""
"Kazakhstan","1962","691681",""
"Kenya","2012","-50000",""
"Kenya","2007","-189330",""
"Kenya","2002","25144",""
"Kenya","1997","-21386",""
"Kenya","1992","221569",""
"Kenya","1987","5023",""
"Kenya","1982","3805",""
"Kenya","1977","-2930",""
"Kenya","1972","-17915",""
"Kenya","1967","-19535",""
"Kenya","1962","-20000",""
"Kiribati","2012","-2130",""
"Kiribati","2007","-578",""
"Kiribati","2002","-2039",""
"Kiribati","1997","-2977",""
"Kiribati","1992","-4598",""
"Kiribati","1987","-766",""
"Kiribati","1982","-3112",""
"Kiribati","1977","-2576",""
"Kiribati","1972","-1500",""
"Kiribati","1967","-1274",""
"Kiribati","1962","-1219",""
"Korea, Dem. Rep.","2012","0",""
"Korea, Dem. Rep.","2007","0",""
"Korea, Dem. Rep.","2002","0",""
"Korea, Dem. Rep.","1997","0",""
"Korea, Dem. Rep.","1992","0",""
"Korea, Dem. Rep.","1987","0",""
"Korea, Dem. Rep.","1982","0",""
"Korea, Dem. Rep.","1977","0",""
"Korea, Dem. Rep.","1972","0",""
"Korea, Dem. Rep.","1967","0",""
"Korea, Dem. Rep.","1962","0",""
"Korea, Rep.","2012","300000",""
"Korea, Rep.","2007","404715",""
"Korea, Rep.","2002","229017",""
"Korea, Rep.","1997","-293082",""
"Korea, Rep.","1992","-633048",""
"Korea, Rep.","1987","434981",""
"Korea, Rep.","1982","317043",""
"Korea, Rep.","1977","-165179",""
"Korea, Rep.","1972","-449729",""
"Korea, Rep.","1967","-389118",""
"Korea, Rep.","1962","-281388",""
"Kuwait","2012","517500",""
"Kuwait","2007","522000",""
"Kuwait","2002","139000",""
"Kuwait","1997","98500",""
"Kuwait","1992","-580898",""
"Kuwait","1987","110759",""
"Kuwait","1982","95952",""
"Kuwait","1977","112656",""
"Kuwait","1972","109162",""
"Kuwait","1967","137534",""
"Kuwait","1962","153599",""
"Kyrgyz Republic","2012","-113963",""
"Kyrgyz Republic","2007","-76604",""
"Kyrgyz Republic","2002","-172911",""
"Kyrgyz Republic","1997","-32705",""
"Kyrgyz Republic","1992","-271590",""
"Kyrgyz Republic","1987","-120200",""
"Kyrgyz Republic","1982","-39988",""
"Kyrgyz Republic","1977","17954",""
"Kyrgyz Republic","1972","34140",""
"Kyrgyz Republic","1967","110071",""
"Kyrgyz Republic","1962","116848",""
"Lao PDR","2012","-117700",""
"Lao PDR","2007","-117700",""
"Lao PDR","2002","-175100",""
"Lao PDR","1997","-131254",""
"Lao PDR","1992","-45184",""
"Lao PDR","1987","138",""
"Lao PDR","1982","-35110",""
"Lao PDR","1977","-198756",""
"Lao PDR","1972","46",""
"Lao PDR","1967","30",""
"Lao PDR","1962","76",""
"Latin America & Caribbean (all income levels)","2012","-2081948",""
"Latin America & Caribbean (all income levels)","2007","-2675725",""
"Latin America & Caribbean (all income levels)","2002","-5546821",""
"Latin America & Caribbean (all income levels)","1997","-4325806",""
"Latin America & Caribbean (all income levels)","1992","-3239912",""
"Latin America & Caribbean (all income levels)","1987","-3509490",""
"Latin America & Caribbean (all income levels)","1982","-3443208",""
"Latin America & Caribbean (all income levels)","1977","-3146290",""
"Latin America & Caribbean (all income levels)","1972","-2220184",""
"Latin America & Caribbean (all income levels)","1967","-2001834",""
"Latin America & Caribbean (all income levels)","1962","-1400307",""
"Latin America & Caribbean (developing only)","2012","-2159855",""
"Latin America & Caribbean (developing only)","2007","-2640776",""
"Latin America & Caribbean (developing only)","2002","-5387792",""
"Latin America & Caribbean (developing only)","1997","-4294365",""
"Latin America & Caribbean (developing only)","1992","-3247230",""
"Latin America & Caribbean (developing only)","1987","-3343434",""
"Latin America & Caribbean (developing only)","1982","-3265079",""
"Latin America & Caribbean (developing only)","1977","-2963799",""
"Latin America & Caribbean (developing only)","1972","-1955477",""
"Latin America & Caribbean (developing only)","1967","-1724440",""
"Latin America & Caribbean (developing only)","1962","-1205979",""
"Latvia","2012","-73442",""
"Latvia","2007","-86168",""
"Latvia","2002","-82692",""
"Latvia","1997","-39042",""
"Latvia","1992","-135622",""
"Latvia","1987","42002",""
"Latvia","1982","39884",""
"Latvia","1977","41271",""
"Latvia","1972","54668",""
"Latvia","1967","69482",""
"Latvia","1962","76276",""
"Least developed countries: UN classification","2012","-4741314",""
"Least developed countries: UN classification","2007","-8375096",""
"Least developed countries: UN classification","2002","-4296546",""
"Least developed countries: UN classification","1997","-3862918",""
"Least developed countries: UN classification","1992","1732313",""
"Least developed countries: UN classification","1987","-3756203",""
"Least developed countries: UN classification","1982","-6377448",""
"Least developed countries: UN classification","1977","-4350241",""
"Least developed countries: UN classification","1972","-4824809",""
"Least developed countries: UN classification","1967","-862527",""
"Least developed countries: UN classification","1962","-886867",""
"Lebanon","2012","1250000",""
"Lebanon","2007","183370",""
"Lebanon","2002","550110",""
"Lebanon","1997","-29428",""
"Lebanon","1992","90000",""
"Lebanon","1987","-228040",""
"Lebanon","1982","-214381",""
"Lebanon","1977","-270000",""
"Lebanon","1972","-10000",""
"Lebanon","1967","-70002",""
"Lebanon","1962","20000",""
"Lesotho","2012","-19998",""
"Lesotho","2007","-24418",""
"Lesotho","2002","-34493",""
"Lesotho","1997","-74427",""
"Lesotho","1992","-46345",""
"Lesotho","1987","-62682",""
"Lesotho","1982","-25760",""
"Lesotho","1977","-6538",""
"Lesotho","1972","-24048",""
"Lesotho","1967","-22400",""
"Lesotho","1962","-25000",""
"Liberia","2012","-20000",""
"Liberia","2007","175585",""
"Liberia","2002","-50000",""
"Liberia","1997","450000",""
"Liberia","1992","-300000",""
"Liberia","1987","-400000",""
"Liberia","1982","0",""
"Liberia","1977","11949",""
"Liberia","1972","10996",""
"Liberia","1967","11013",""
"Liberia","1962","7996",""
"Libya","2012","-501692",""
"Libya","2007","-82008",""
"Libya","2002","-11679",""
"Libya","1997","8736",""
"Libya","1992","3965",""
"Libya","1987","5490",""
"Libya","1982","113380",""
"Libya","1977","57534",""
"Libya","1972","58665",""
"Libya","1967","48002",""
"Libya","1962","45891",""
"Lithuania","2012","-169529",""
"Lithuania","2007","-141659",""
"Lithuania","2002","-83738",""
"Lithuania","1997","-111160",""
"Lithuania","1992","-100301",""
"Lithuania","1987","36863",""
"Lithuania","1982","43804",""
"Lithuania","1977","38815",""
"Lithuania","1972","37782",""
"Lithuania","1967","26314",""
"Lithuania","1962","24715",""
"Low & middle income","2012","-15350665",""
"Low & middle income","2007","-22729859",""
"Low & middle income","2002","-18714994",""
"Low & middle income","1997","-14329437",""
"Low & middle income","1992","-11472337",""
"Low & middle income","1987","-8501035",""
"Low & middle income","1982","-7150407",""
"Low & middle income","1977","-8095133",""
"Low & middle income","1972","-7032007",""
"Low & middle income","1967","-4094255",""
"Low & middle income","1962","-3826648",""
"Low income","2012","-1115618",""
"Low income","2007","-2543110",""
"Low income","2002","-983039",""
"Low income","1997","-2112809",""
"Low income","1992","749912",""
"Low income","1987","-3088354",""
"Low income","1982","-5714429",""
"Low income","1977","-3163339",""
"Low income","1972","-1271457",""
"Low income","1967","-63036",""
"Low income","1962","-510960",""
"Lower middle income","2012","-15784815",""
"Lower middle income","2007","-17104727",""
"Lower middle income","2002","-14179486",""
"Lower middle income","1997","-8651606",""
"Lower middle income","1992","-5635256",""
"Lower middle income","1987","-3343466",""
"Lower middle income","1982","-1579249",""
"Lower middle income","1977","-1846086",""
"Lower middle income","1972","-2519524",""
"Lower middle income","1967","-1858025",""
"Lower middle income","1962","100180",""
"Luxembourg","2012","48704",""
"Luxembourg","2007","42279",""
"Luxembourg","2002","14473",""
"Luxembourg","1997","19940",""
"Luxembourg","1992","20040",""
"Luxembourg","1987","12831",""
"Luxembourg","1982","2552",""
"Luxembourg","1977","11846",""
"Luxembourg","1972","15284",""
"Luxembourg","1967","5918",""
"Luxembourg","1962","8527",""
"Macao SAR, China","2012","35000",""
"Macao SAR, China","2007","56322",""
"Macao SAR, China","2002","29866",""
"Macao SAR, China","1997","20203",""
"Macao SAR, China","1992","18844",""
"Macao SAR, China","1987","37411",""
"Macao SAR, China","1982","32747",""
"Macao SAR, China","1977","-6011",""
"Macao SAR, China","1972","-7003",""
"Macao SAR, China","1967","36083",""
"Macao SAR, China","1962","19802",""
"Macedonia, FYR","2012","-4999",""
"Macedonia, FYR","2007","-4999",""
"Macedonia, FYR","2002","-15272",""
"Macedonia, FYR","1997","-4999",""
"Macedonia, FYR","1992","-133498",""
"Macedonia, FYR","1987","-98818",""
"Macedonia, FYR","1982","-72752",""
"Macedonia, FYR","1977","-14749",""
"Macedonia, FYR","1972","-61002",""
"Macedonia, FYR","1967","-28981",""
"Macedonia, FYR","1962","-40940",""
"Madagascar","2012","-5000",""
"Madagascar","2007","-5000",""
"Madagascar","2002","-5000",""
"Madagascar","1997","-6000",""
"Madagascar","1992","-7000",""
"Madagascar","1987","-8000",""
"Madagascar","1982","-8000",""
"Madagascar","1977","-30000",""
"Madagascar","1972","-19000",""
"Madagascar","1967","-8000",""
"Madagascar","1962","0",""
"Malawi","2012","-30000",""
"Malawi","2007","-36820",""
"Malawi","2002","-36820",""
"Malawi","1997","-36820",""
"Malawi","1992","-899584",""
"Malawi","1987","913937",""
"Malawi","1982","-28605",""
"Malawi","1977","-33348",""
"Malawi","1972","-52404",""
"Malawi","1967","-61928",""
"Malawi","1962","-61928",""
"Malaysia","2012","450000",""
"Malaysia","2007","652234",""
"Malaysia","2002","490830",""
"Malaysia","1997","397501",""
"Malaysia","1992","298812",""
"Malaysia","1987","435408",""
"Malaysia","1982","158020",""
"Malaysia","1977","-6950",""
"Malaysia","1972","-31056",""
"Malaysia","1967","-18722",""
"Malaysia","1962","80684",""
"Maldives","2012","-53",""
"Maldives","2007","-53",""
"Maldives","2002","-105",""
"Maldives","1997","-1100",""
"Maldives","1992","-3072",""
"Maldives","1987","-2605",""
"Maldives","1982","0",""
"Maldives","1977","0",""
"Maldives","1972","2415",""
"Maldives","1967","-2904",""
"Maldives","1962","-581",""
"Mali","2012","-302449",""
"Mali","2007","-100823",""
"Mali","2002","-67110",""
"Mali","1997","-141950",""
"Mali","1992","-173489",""
"Mali","1987","-480652",""
"Mali","1982","-218064",""
"Mali","1977","-174998",""
"Mali","1972","-95585",""
"Mali","1967","-98235",""
"Mali","1962","-70243",""
"Malta","2012","6252",""
"Malta","2007","13525",""
"Malta","2002","5760",""
"Malta","1997","4316",""
"Malta","1992","2893",""
"Malta","1987","1159",""
"Malta","1982","2880",""
"Malta","1977","-4843",""
"Malta","1972","-9682",""
"Malta","1967","-12601",""
"Malta","1962","-26384",""
"Mauritania","2012","-20000",""
"Mauritania","2007","-20000",""
"Mauritania","2002","30000",""
"Mauritania","1997","9900",""
"Mauritania","1992","-14700",""
"Mauritania","1987","-30300",""
"Mauritania","1982","-16100",""
"Mauritania","1977","-9700",""
"Mauritania","1972","-5950",""
"Mauritania","1967","-2760",""
"Mauritania","1962","-1820",""
"Mauritius","2012","0",""
"Mauritius","2007","-12079",""
"Mauritius","2002","-19372",""
"Mauritius","1997","-8858",""
"Mauritius","1992","-5611",""
"Mauritius","1987","-35977",""
"Mauritius","1982","-21632",""
"Mauritius","1977","-20617",""
"Mauritius","1972","-20463",""
"Mauritius","1967","-29156",""
"Mauritius","1962","-30869",""
"Mexico","2012","-523585",""
"Mexico","2007","-409596",""
"Mexico","2002","-2841190",""
"Mexico","1997","-1844707",""
"Mexico","1992","-1302868",""
"Mexico","1987","-1535834",""
"Mexico","1982","-1519000",""
"Mexico","1977","-1212001",""
"Mexico","1972","-899999",""
"Mexico","1967","-620001",""
"Mexico","1962","-411004",""
"Micronesia, Fed. Sts.","2012","-8192",""
"Micronesia, Fed. Sts.","2007","-12132",""
"Micronesia, Fed. Sts.","2002","-12850",""
"Micronesia, Fed. Sts.","1997","-13618",""
"Micronesia, Fed. Sts.","1992","-2234",""
"Micronesia, Fed. Sts.","1987","-2461",""
"Micronesia, Fed. Sts.","1982","0",""
"Micronesia, Fed. Sts.","1977","-548",""
"Micronesia, Fed. Sts.","1972","-7997",""
"Micronesia, Fed. Sts.","1967","0",""
"Micronesia, Fed. Sts.","1962","0",""
"Middle East & North Africa (all income levels)","2012","-213002",""
"Middle East & North Africa (all income levels)","2007","5031419",""
"Middle East & North Africa (all income levels)","2002","1045034",""
"Middle East & North Africa (all income levels)","1997","18067",""
"Middle East & North Africa (all income levels)","1992","-1961791",""
"Middle East & North Africa (all income levels)","1987","906434",""
"Middle East & North Africa (all income levels)","1982","2711242",""
"Middle East & North Africa (all income levels)","1977","406941",""
"Middle East & North Africa (all income levels)","1972","-651693",""
"Middle East & North Africa (all income levels)","1967","-731461",""
"Middle East & North Africa (all income levels)","1962","-299675",""
"Middle East & North Africa (developing only)","2012","-3615666",""
"Middle East & North Africa (developing only)","2007","-1442624",""
"Middle East & North Africa (developing only)","2002","-1686956",""
"Middle East & North Africa (developing only)","1997","-752761",""
"Middle East & North Africa (developing only)","1992","-2219266",""
"Middle East & North Africa (developing only)","1987","-204318",""
"Middle East & North Africa (developing only)","1982","855807",""
"Middle East & North Africa (developing only)","1977","-1303996",""
"Middle East & North Africa (developing only)","1972","-1733109",""
"Middle East & North Africa (developing only)","1967","-1178377",""
"Middle East & North Africa (developing only)","1962","-801516",""
"Middle income","2012","-14235047",""
"Middle income","2007","-20186749",""
"Middle income","2002","-17731955",""
"Middle income","1997","-12216628",""
"Middle income","1992","-12222249",""
"Middle income","1987","-5412681",""
"Middle income","1982","-1435978",""
"Middle income","1977","-4931794",""
"Middle income","1972","-5760550",""
"Middle income","1967","-4031219",""
"Middle income","1962","-3315688",""
"Moldova","2012","-9529",""
"Moldova","2007","-47911",""
"Moldova","2002","-12079",""
"Moldova","1997","-165309",""
"Moldova","1992","-131953",""
"Moldova","1987","-84531",""
"Moldova","1982","-9185",""
"Moldova","1977","-26414",""
"Moldova","1972","55824",""
"Moldova","1967","74449",""
"Moldova","1962","100890",""
"Mongolia","2012","-15001",""
"Mongolia","2007","-15001",""
"Mongolia","2002","-15001",""
"Mongolia","1997","-52463",""
"Mongolia","1992","-88432",""
"Mongolia","1987","0",""
"Mongolia","1982","0",""
"Mongolia","1977","0",""
"Mongolia","1972","0",""
"Mongolia","1967","0",""
"Mongolia","1962","0",""
"Montenegro","2012","-2412",""
"Montenegro","2007","-3108",""
"Montenegro","2002","-7999",""
"Montenegro","1997","-21588",""
"Montenegro","1992","-20249",""
"Montenegro","1987","-29965",""
"Montenegro","1982","-2001",""
"Montenegro","1977","-7401",""
"Montenegro","1972","-2001",""
"Montenegro","1967","-53773",""
"Montenegro","1962","-2001",""
"Morocco","2012","-310624",""
"Morocco","2007","-577912",""
"Morocco","2002","-694821",""
"Morocco","1997","-559380",""
"Morocco","1992","-466627",""
"Morocco","1987","-418575",""
"Morocco","1982","-320659",""
"Morocco","1977","-293328",""
"Morocco","1972","-497677",""
"Morocco","1967","-477753",""
"Morocco","1962","-240922",""
"Mozambique","2012","-25000",""
"Mozambique","2007","-50000",""
"Mozambique","2002","37504",""
"Mozambique","1997","-50000",""
"Mozambique","1992","650000",""
"Mozambique","1987","-1300000",""
"Mozambique","1982","-373366",""
"Mozambique","1977","87373",""
"Mozambique","1972","-23500",""
"Mozambique","1967","-23500",""
"Mozambique","1962","-23500",""
"Myanmar","2012","-474278",""
"Myanmar","2007","-1466799",""
"Myanmar","2002","-1372688",""
"Myanmar","1997","-537998",""
"Myanmar","1992","-699993",""
"Myanmar","1987","-200000",""
"Myanmar","1982","-54656",""
"Myanmar","1977","0",""
"Myanmar","1972","0",""
"Myanmar","1967","0",""
"Myanmar","1962","0",""
"Namibia","2012","-1371",""
"Namibia","2007","-50000",""
"Namibia","2002","-50000",""
"Namibia","1997","35497",""
"Namibia","1992","23492",""
"Namibia","1987","74791",""
"Namibia","1982","-29139",""
"Namibia","1977","-44585",""
"Namibia","1972","-2825",""
"Namibia","1967","-870",""
"Namibia","1962","0",""
"Nepal","2012","-372369",""
"Nepal","2007","-1023896",""
"Nepal","2002","-922843",""
"Nepal","1997","-464703",""
"Nepal","1992","76064",""
"Nepal","1987","-216407",""
"Nepal","1982","-101147",""
"Nepal","1977","-41002",""
"Nepal","1972","-5799",""
"Nepal","1967","-21075",""
"Nepal","1962","-70000",""
"Netherlands","2012","110006",""
"Netherlands","2007","55674",""
"Netherlands","2002","144620",""
"Netherlands","1997","153553",""
"Netherlands","1992","220083",""
"Netherlands","1987","133845",""
"Netherlands","1982","79525",""
"Netherlands","1977","180718",""
"Netherlands","1972","179460",""
"Netherlands","1967","54636",""
"Netherlands","1962","11589",""
"New Caledonia","2012","5660",""
"New Caledonia","2007","4234",""
"New Caledonia","2002","4771",""
"New Caledonia","1997","5571",""
"New Caledonia","1992","4778",""
"New Caledonia","1987","475",""
"New Caledonia","1982","-2085",""
"New Caledonia","1977","-1222",""
"New Caledonia","1972","6442",""
"New Caledonia","1967","1106",""
"New Caledonia","1962","3347",""
"New Zealand","2012","7265",""
"New Zealand","2007","62413",""
"New Zealand","2002","134629",""
"New Zealand","1997","42584",""
"New Zealand","1992","118016",""
"New Zealand","1987","-9418",""
"New Zealand","1982","-2908",""
"New Zealand","1977","-74794",""
"New Zealand","1972","76678",""
"New Zealand","1967","-2624",""
"New Zealand","1962","42751",""
"Nicaragua","2012","-135000",""
"Nicaragua","2007","-155000",""
"Nicaragua","2002","-173998",""
"Nicaragua","1997","-145000",""
"Nicaragua","1992","-120001",""
"Nicaragua","1987","-150001",""
"Nicaragua","1982","-110002",""
"Nicaragua","1977","-58001",""
"Nicaragua","1972","-37999",""
"Nicaragua","1967","-18997",""
"Nicaragua","1962","-14003",""
"Niger","2012","-28497",""
"Niger","2007","-28497",""
"Niger","2002","-28497",""
"Niger","1997","24056",""
"Niger","1992","-2679",""
"Niger","1987","-91917",""
"Niger","1982","-92946",""
"Niger","1977","-18138",""
"Niger","1972","-13763",""
"Niger","1967","-11545",""
"Niger","1962","-11545",""
"Nigeria","2012","-300000",""
"Nigeria","2007","-300000",""
"Nigeria","2002","-170000",""
"Nigeria","1997","-95027",""
"Nigeria","1992","-95769",""
"Nigeria","1987","-91407",""
"Nigeria","1982","-671640",""
"Nigeria","1977","854649",""
"Nigeria","1972","-38526",""
"Nigeria","1967","-43347",""
"Nigeria","1962","1021",""
"North America","2012","6183750",""
"North America","2007","6300158",""
"North America","2002","6175859",""
"North America","1997","9453948",""
"North America","1992","5267705",""
"North America","1987","4561110",""
"North America","1982","3655389",""
"North America","1977","4310838",""
"North America","1972","3612021",""
"North America","1967","2103693",""
"North America","1962","1136723",""
"Norway","2012","235665",""
"Norway","2007","174001",""
"Norway","2002","67400",""
"Norway","1997","58773",""
"Norway","1992","46903",""
"Norway","1987","38715",""
"Norway","1982","24805",""
"Norway","1977","20728",""
"Norway","1972","29273",""
"Norway","1967","13867",""
"Norway","1962","-2274",""
"OECD members","2012","13138424",""
"OECD members","2007","15773864",""
"OECD members","2002","12775444",""
"OECD members","1997","11452785",""
"OECD members","1992","10140443",""
"OECD members","1987","5681741",""
"OECD members","1982","3526638",""
"OECD members","1977","4356805",""
"OECD members","1972","5119370",""
"OECD members","1967","2664622",""
"OECD members","1962","2531631",""
"Oman","2012","1211000",""
"Oman","2007","185500",""
"Oman","2002","40452",""
"Oman","1997","-207887",""
"Oman","1992","93700",""
"Oman","1987","11169",""
"Oman","1982","81500",""
"Oman","1977","76409",""
"Oman","1972","25470",""
"Oman","1967","-5000",""
"Oman","1962","-10000",""
"Pakistan","2012","-1081918",""
"Pakistan","2007","-1296372",""
"Pakistan","2002","-896486",""
"Pakistan","1997","-728632",""
"Pakistan","1992","-1128724",""
"Pakistan","1987","139790",""
"Pakistan","1982","1345233",""
"Pakistan","1977","700000",""
"Pakistan","1972","-138106",""
"Pakistan","1967","-209978",""
"Pakistan","1962","-93268",""
"Panama","2012","28105",""
"Panama","2007","22244",""
"Panama","2002","16119",""
"Panama","1997","9797",""
"Panama","1992","1954",""
"Panama","1987","-9395",""
"Panama","1982","-12704",""
"Panama","1977","-14077",""
"Panama","1972","-12288",""
"Panama","1967","-12692",""
"Panama","1962","-11928",""
"Papua New Guinea","2012","0",""
"Papua New Guinea","2007","0",""
"Papua New Guinea","2002","0",""
"Papua New Guinea","1997","0",""
"Papua New Guinea","1992","0",""
"Papua New Guinea","1987","0",""
"Papua New Guinea","1982","0",""
"Papua New Guinea","1977","-8243",""
"Papua New Guinea","1972","-7352",""
"Papua New Guinea","1967","2993",""
"Papua New Guinea","1962","-4317",""
"Paraguay","2012","-86700",""
"Paraguay","2007","-117299",""
"Paraguay","2002","-46919",""
"Paraguay","1997","-43861",""
"Paraguay","1992","-31049",""
"Paraguay","1987","-17242",""
"Paraguay","1982","-21209",""
"Paraguay","1977","-46331",""
"Paraguay","1972","-58830",""
"Paraguay","1967","-65825",""
"Paraguay","1962","-70580",""
"Peru","2012","-240000",""
"Peru","2007","-489999",""
"Peru","2002","-634999",""
"Peru","1997","-540001",""
"Peru","1992","-293999",""
"Peru","1987","-185001",""
"Peru","1982","-117998",""
"Peru","1977","-98998",""
"Peru","1972","-87999",""
"Peru","1967","-50003",""
"Peru","1962","-30000",""
"Philippines","2012","-700000",""
"Philippines","2007","-1829034",""
"Philippines","2002","-1097371",""
"Philippines","1997","-765620",""
"Philippines","1992","-504878",""
"Philippines","1987","-298756",""
"Philippines","1982","-176673",""
"Philippines","1977","-313636",""
"Philippines","1972","-237734",""
"Philippines","1967","-271845",""
"Philippines","1962","364",""
"Poland","2012","-73809",""
"Poland","2007","5235",""
"Poland","2002","38050",""
"Poland","1997","-243932",""
"Poland","1992","-240502",""
"Poland","1987","-458986",""
"Poland","1982","-81891",""
"Poland","1977","-106595",""
"Poland","1972","-170903",""
"Poland","1967","-143114",""
"Poland","1962","-10196",""
"Portugal","2012","-140000",""
"Portugal","2007","127025",""
"Portugal","2002","178353",""
"Portugal","1997","173604",""
"Portugal","1992","149122",""
"Portugal","1987","-147873",""
"Portugal","1982","-66894",""
"Portugal","1977","198629",""
"Portugal","1972","108187",""
"Portugal","1967","-701600",""
"Portugal","1962","-547884",""
"Puerto Rico","2012","-103537",""
"Puerto Rico","2007","-138043",""
"Puerto Rico","2002","-145704",""
"Puerto Rico","1997","-30450",""
"Puerto Rico","1992","-296",""
"Puerto Rico","1987","-55192",""
"Puerto Rico","1982","-48420",""
"Puerto Rico","1977","-19579",""
"Puerto Rico","1972","-41031",""
"Puerto Rico","1967","-134255",""
"Puerto Rico","1962","-91587",""
"Qatar","2012","363500",""
"Qatar","2007","854839",""
"Qatar","2002","185343",""
"Qatar","1997","42840",""
"Qatar","1992","-22453",""
"Qatar","1987","57517",""
"Qatar","1982","102097",""
"Qatar","1977","28315",""
"Qatar","1972","34368",""
"Qatar","1967","20912",""
"Qatar","1962","16337",""
"Romania","2012","-437201",""
"Romania","2007","-874406",""
"Romania","2002","-490472",""
"Romania","1997","-610000",""
"Romania","1992","-520001",""
"Romania","1987","-200000",""
"Romania","1982","-200000",""
"Romania","1977","-99999",""
"Romania","1972","-2001",""
"Romania","1967","-2001",""
"Romania","1962","-2001",""
"Russian Federation","2012","1117884",""
"Russian Federation","2007","2157349",""
"Russian Federation","2002","1735324",""
"Russian Federation","1997","2308220",""
"Russian Federation","1992","2519717",""
"Russian Federation","1987","906615",""
"Russian Federation","1982","1107000",""
"Russian Federation","1977","639801",""
"Russian Federation","1972","-290289",""
"Russian Federation","1967","-550619",""
"Russian Federation","1962","-1394343",""
"Rwanda","2012","-75001",""
"Rwanda","2007","-75001",""
"Rwanda","2002","-72601",""
"Rwanda","1997","1210134",""
"Rwanda","1992","-1347866",""
"Rwanda","1987","29999",""
"Rwanda","1982","-50002",""
"Rwanda","1977","-20000",""
"Rwanda","1972","-20000",""
"Rwanda","1967","20000",""
"Rwanda","1962","-140001",""
"Samoa","2012","-12690",""
"Samoa","2007","-15371",""
"Samoa","2002","-15726",""
"Samoa","1997","-17300",""
"Samoa","1992","-13724",""
"Samoa","1987","-18654",""
"Samoa","1982","-17430",""
"Samoa","1977","-17563",""
"Samoa","1972","-13312",""
"Samoa","1967","-5043",""
"Samoa","1962","-1453",""
"Sao Tome and Principe","2012","-5599",""
"Sao Tome and Principe","2007","-5599",""
"Sao Tome and Principe","2002","-5599",""
"Sao Tome and Principe","1997","-8293",""
"Sao Tome and Principe","1992","-5599",""
"Sao Tome and Principe","1987","-5999",""
"Sao Tome and Principe","1982","-5999",""
"Sao Tome and Principe","1977","-1221",""
"Sao Tome and Principe","1972","-2509",""
"Sao Tome and Principe","1967","-744",""
"Sao Tome and Principe","1962","-9152",""
"Saudi Arabia","2012","850000",""
"Saudi Arabia","2007","815000",""
"Saudi Arabia","2002","945000",""
"Saudi Arabia","1997","60187",""
"Saudi Arabia","1992","-25000",""
"Saudi Arabia","1987","590900",""
"Saudi Arabia","1982","1391626",""
"Saudi Arabia","1977","995676",""
"Saudi Arabia","1972","491874",""
"Saudi Arabia","1967","187007",""
"Saudi Arabia","1962","125989",""
"Senegal","2012","-99996",""
"Senegal","2007","-166051",""
"Senegal","2002","-151131",""
"Senegal","1997","-209864",""
"Senegal","1992","-70008",""
"Senegal","1987","-60291",""
"Senegal","1982","-85108",""
"Senegal","1977","-134783",""
"Senegal","1972","65586",""
"Senegal","1967","86522",""
"Senegal","1962","50002",""
"Serbia","2012","-99999",""
"Serbia","2007","-38215",""
"Serbia","2002","-276331",""
"Serbia","1997","-546911",""
"Serbia","1992","178348",""
"Seychelles","2012","-1551",""
"Seychelles","2007","-1111",""
"Seychelles","2002","2513",""
"Seychelles","1997","-135",""
"Seychelles","1992","625",""
"Seychelles","1987","-5295",""
"Seychelles","1982","-3099",""
"Seychelles","1977","-200",""
"Seychelles","1972","230",""
"Seychelles","1967","-998",""
"Seychelles","1962","-851",""
"Sierra Leone","2012","-21000",""
"Sierra Leone","2007","60000",""
"Sierra Leone","2002","500000",""
"Sierra Leone","1997","-150000",""
"Sierra Leone","1992","-450000",""
"Sierra Leone","1987","62745",""
"Sierra Leone","1982","0",""
"Sierra Leone","1977","0",""
"Sierra Leone","1972","0",""
"Sierra Leone","1967","0",""
"Sierra Leone","1962","0",""
"Singapore","2012","397936",""
"Singapore","2007","449245",""
"Singapore","2002","435595",""
"Singapore","1997","255243",""
"Singapore","1992","248927",""
"Singapore","1987","119801",""
"Singapore","1982","137811",""
"Singapore","1977","14266",""
"Singapore","1972","5889",""
"Singapore","1967","-363",""
"Singapore","1962","428",""
"Slovak Republic","2012","1199",""
"Slovak Republic","2007","9597",""
"Slovak Republic","2002","1199",""
"Slovak Republic","1997","-2964",""
"Slovak Republic","1992","-15108",""
"Slovak Republic","1987","-35312",""
"Slovak Republic","1982","-34777",""
"Slovak Republic","1977","-9696",""
"Slovak Republic","1972","-15254",""
"Slovak Republic","1967","-57838",""
"Slovak Republic","1962","-26427",""
"Slovenia","2012","4324",""
"Slovenia","2007","49624",""
"Slovenia","2002","14998",""
"Slovenia","1997","1487",""
"Slovenia","1992","-17461",""
"Slovenia","1987","32609",""
"Slovenia","1982","68363",""
"Slovenia","1977","34686",""
"Slovenia","1972","17942",""
"Slovenia","1967","-14950",""
"Slovenia","1962","-22059",""
"Solomon Islands","2012","-11868",""
"Solomon Islands","2007","-11896",""
"Solomon Islands","2002","-4898",""
"Solomon Islands","1997","-677",""
"Solomon Islands","1992","-971",""
"Solomon Islands","1987","-1832",""
"Solomon Islands","1982","-1",""
"Solomon Islands","1977","182",""
"Solomon Islands","1972","2118",""
"Solomon Islands","1967","2188",""
"Solomon Islands","1962","2348",""
"Somalia","2012","-400000",""
"Somalia","2007","-350000",""
"Somalia","2002","-200000",""
"Somalia","1997","-100004",""
"Somalia","1992","-893365",""
"Somalia","1987","-632286",""
"Somalia","1982","-832045",""
"Somalia","1977","1587565",""
"Somalia","1972","-6",""
"Somalia","1967","1489",""
"Somalia","1962","-1046",""
"South Africa","2012","600000",""
"South Africa","2007","1402640",""
"South Africa","2002","1072076",""
"South Africa","1997","158911",""
"South Africa","1992","804595",""
"South Africa","1987","-133363",""
"South Africa","1982","175112",""
"South Africa","1977","73316",""
"South Africa","1972","231569",""
"South Africa","1967","200939",""
"South Africa","1962","115210",""
"South Asia","2012","-6280804",""
"South Asia","2007","-9901386",""
"South Asia","2002","-5336232",""
"South Asia","1997","-3508471",""
"South Asia","1992","-701580",""
"South Asia","1987","-1873468",""
"South Asia","1982","-2923138",""
"South Asia","1977","-650272",""
"South Asia","1972","-1196421",""
"South Asia","1967","-689461",""
"South Asia","1962","-454109",""
"Spain","2012","-593069",""
"Spain","2007","2250005",""
"Spain","2002","2829228",""
"Spain","1997","896019",""
"Spain","1992","319268",""
"Spain","1987","-67671",""
"Spain","1982","-43291",""
"Spain","1977","76903",""
"Spain","1972","96990",""
"Spain","1967","-145936",""
"Spain","1962","-193807",""
"Sri Lanka","2012","-484772",""
"Sri Lanka","2007","-520065",""
"Sri Lanka","2002","-449480",""
"Sri Lanka","1997","-461684",""
"Sri Lanka","1992","-255780",""
"Sri Lanka","1987","-137440",""
"Sri Lanka","1982","-395500",""
"Sri Lanka","1977","-237500",""
"Sri Lanka","1972","-145000",""
"Sri Lanka","1967","-38500",""
"Sri Lanka","1962","-47500",""
"St. Lucia","2012","40",""
"St. Lucia","2007","2850",""
"St. Lucia","2002","-227",""
"St. Lucia","1997","-948",""
"St. Lucia","1992","-4806",""
"St. Lucia","1987","-4262",""
"St. Lucia","1982","-8141",""
"St. Lucia","1977","-8932",""
"St. Lucia","1972","-9649",""
"St. Lucia","1967","-7697",""
"St. Lucia","1962","-9372",""
"St. Vincent and the Grenadines","2012","-5000",""
"St. Vincent and the Grenadines","2007","-5122",""
"St. Vincent and the Grenadines","2002","-5200",""
"St. Vincent and the Grenadines","1997","-7948",""
"St. Vincent and the Grenadines","1992","-8682",""
"St. Vincent and the Grenadines","1987","-7103",""
"St. Vincent and the Grenadines","1982","-7345",""
"St. Vincent and the Grenadines","1977","-7257",""
"St. Vincent and the Grenadines","1972","-8792",""
"St. Vincent and the Grenadines","1967","-10014",""
"St. Vincent and the Grenadines","1962","-9326",""
"Sub-Saharan Africa (all income levels)","2012","-1688994",""
"Sub-Saharan Africa (all income levels)","2007","-496807",""
"Sub-Saharan Africa (all income levels)","2002","-532299",""
"Sub-Saharan Africa (all income levels)","1997","-1602370",""
"Sub-Saharan Africa (all income levels)","1992","1225981",""
"Sub-Saharan Africa (all income levels)","1987","-1288324",""
"Sub-Saharan Africa (all income levels)","1982","-1532915",""
"Sub-Saharan Africa (all income levels)","1977","-1062694",""
"Sub-Saharan Africa (all income levels)","1972","-939399",""
"Sub-Saharan Africa (all income levels)","1967","-145765",""
"Sub-Saharan Africa (all income levels)","1962","-289589",""
"Sub-Saharan Africa (developing only)","2012","-1687443",""
"Sub-Saharan Africa (developing only)","2007","-495696",""
"Sub-Saharan Africa (developing only)","2002","-534812",""
"Sub-Saharan Africa (developing only)","1997","-1602235",""
"Sub-Saharan Africa (developing only)","1992","1225356",""
"Sub-Saharan Africa (developing only)","1987","-1283029",""
"Sub-Saharan Africa (developing only)","1982","-1529816",""
"Sub-Saharan Africa (developing only)","1977","-1062494",""
"Sub-Saharan Africa (developing only)","1972","-939629",""
"Sub-Saharan Africa (developing only)","1967","-144767",""
"Sub-Saharan Africa (developing only)","1962","-288738",""
"Sudan","2012","-800000",""
"Sudan","2007","-500000",""
"Sudan","2002","-430000",""
"Sudan","1997","-490000",""
"Sudan","1992","1350000",""
"Sudan","1987","150000",""
"Sudan","1982","220000",""
"Sudan","1977","180000",""
"Sudan","1972","20000",""
"Sudan","1967","0",""
"Sudan","1962","0",""
"Suriname","2012","-5000",""
"Suriname","2007","-5675",""
"Suriname","2002","-22142",""
"Suriname","1997","-2402",""
"Suriname","1992","-3342",""
"Suriname","1987","-4845",""
"Suriname","1982","-31771",""
"Suriname","1977","-40352",""
"Suriname","1972","-56820",""
"Suriname","1967","-13862",""
"Suriname","1962","-11050",""
"Swaziland","2012","-6000",""
"Swaziland","2007","-6000",""
"Swaziland","2002","-46077",""
"Swaziland","1997","-12000",""
"Swaziland","1992","-38243",""
"Swaziland","1987","17149",""
"Swaziland","1982","-14496",""
"Swaziland","1977","-9472",""
"Swaziland","1972","-7872",""
"Swaziland","1967","-9472",""
"Swaziland","1962","-9908",""
"Sweden","2012","272626",""
"Sweden","2007","262453",""
"Sweden","2002","141723",""
"Sweden","1997","58470",""
"Sweden","1992","156460",""
"Sweden","1987","134569",""
"Sweden","1982","29799",""
"Sweden","1977","88567",""
"Sweden","1972","18798",""
"Sweden","1967","130980",""
"Sweden","1962","80351",""
"Switzerland","2012","382267",""
"Switzerland","2007","344872",""
"Switzerland","2002","186125",""
"Switzerland","1997","65218",""
"Switzerland","1992","247406",""
"Switzerland","1987","130857",""
"Switzerland","1982","81040",""
"Switzerland","1977","-135365",""
"Switzerland","1972","25185",""
"Switzerland","1967","92978",""
"Switzerland","1962","276181",""
"Syrian Arab Republic","2012","-4029996",""
"Syrian Arab Republic","2007","370000",""
"Syrian Arab Republic","2002","-379910",""
"Syrian Arab Republic","1997","-130000",""
"Syrian Arab Republic","1992","-70000",""
"Syrian Arab Republic","1987","-146501",""
"Syrian Arab Republic","1982","-87001",""
"Syrian Arab Republic","1977","-161672",""
"Syrian Arab Republic","1972","-81501",""
"Syrian Arab Republic","1967","-16000",""
"Syrian Arab Republic","1962","-16000",""
"Tajikistan","2012","-117382",""
"Tajikistan","2007","-65435",""
"Tajikistan","2002","-96542",""
"Tajikistan","1997","-324793",""
"Tajikistan","1992","-289263",""
"Tajikistan","1987","-37962",""
"Tajikistan","1982","-21870",""
"Tajikistan","1977","-5749",""
"Tajikistan","1972","28954",""
"Tajikistan","1967","34640",""
"Tajikistan","1962","77739",""
"Tanzania","2012","-199999",""
"Tanzania","2007","-265317",""
"Tanzania","2002","-295952",""
"Tanzania","1997","-205874",""
"Tanzania","1992","591285",""
"Tanzania","1987","68208",""
"Tanzania","1982","37181",""
"Tanzania","1977","-22250",""
"Tanzania","1972","118989",""
"Tanzania","1967","36024",""
"Tanzania","1962","26997",""
"Thailand","2012","100000",""
"Thailand","2007","-858537",""
"Thailand","2002","1102862",""
"Thailand","1997","695804",""
"Thailand","1992","-807534",""
"Thailand","1987","513675",""
"Thailand","1982","341913",""
"Thailand","1977","287226",""
"Thailand","1972","402578",""
"Thailand","1967","0",""
"Thailand","1962","0",""
"Timor-Leste","2012","-50004",""
"Timor-Leste","2007","-104946",""
"Timor-Leste","2002","12",""
"Timor-Leste","1997","-156056",""
"Timor-Leste","1992","-4186",""
"Timor-Leste","1987","-4850",""
"Timor-Leste","1982","10300",""
"Timor-Leste","1977","-93784",""
"Timor-Leste","1972","2242",""
"Timor-Leste","1967","864",""
"Timor-Leste","1962","670",""
"Togo","2012","-9994",""
"Togo","2007","-9994",""
"Togo","2002","-9994",""
"Togo","1997","-30000",""
"Togo","1992","-95003",""
"Togo","1987","-20000",""
"Togo","1982","50001",""
"Togo","1977","-100000",""
"Togo","1972","-49999",""
"Togo","1967","138923",""
"Togo","1962","-77885",""
"Tonga","2012","-8078",""
"Tonga","2007","-8196",""
"Tonga","2002","-8129",""
"Tonga","1997","-8701",""
"Tonga","1992","-11082",""
"Tonga","1987","-10902",""
"Tonga","1982","-12542",""
"Tonga","1977","-7889",""
"Tonga","1972","-7635",""
"Tonga","1967","-3147",""
"Tonga","1962","103",""
"Trinidad and Tobago","2012","-5000",""
"Trinidad and Tobago","2007","-11303",""
"Trinidad and Tobago","2002","-13159",""
"Trinidad and Tobago","1997","-32545",""
"Trinidad and Tobago","1992","-31973",""
"Trinidad and Tobago","1987","-45071",""
"Trinidad and Tobago","1982","-34278",""
"Trinidad and Tobago","1977","-30858",""
"Trinidad and Tobago","1972","-29357",""
"Trinidad and Tobago","1967","-61563",""
"Trinidad and Tobago","1962","-57936",""
"Tunisia","2012","-32941",""
"Tunisia","2007","-32941",""
"Tunisia","2002","-139045",""
"Tunisia","1997","-36804",""
"Tunisia","1992","140341",""
"Tunisia","1987","48999",""
"Tunisia","1982","85582",""
"Tunisia","1977","-72068",""
"Tunisia","1972","-97065",""
"Tunisia","1967","-96523",""
"Tunisia","1962","-142495",""
"Turkey","2012","2000003",""
"Turkey","2007","-50000",""
"Turkey","2002","-100002",""
"Turkey","1997","-149998",""
"Turkey","1992","-200001",""
"Turkey","1987","-150000",""
"Turkey","1982","-77591",""
"Turkey","1977","-367998",""
"Turkey","1972","-314799",""
"Turkey","1967","-319769",""
"Turkey","1962","-259169",""
"Turkmenistan","2012","-25001",""
"Turkmenistan","2007","-57048",""
"Turkmenistan","2002","-114454",""
"Turkmenistan","1997","-60324",""
"Turkmenistan","1992","43633",""
"Turkmenistan","1987","-34319",""
"Turkmenistan","1982","-25116",""
"Turkmenistan","1977","16341",""
"Turkmenistan","1972","31549",""
"Turkmenistan","1967","36429",""
"Turkmenistan","1962","36261",""
"Uganda","2012","-150000",""
"Uganda","2007","-135000",""
"Uganda","2002","-5000",""
"Uganda","1997","-45737",""
"Uganda","1992","119995",""
"Uganda","1987","233366",""
"Uganda","1982","-115340",""
"Uganda","1977","-166660",""
"Uganda","1972","-240530",""
"Uganda","1967","53330",""
"Uganda","1962","125200",""
"Ukraine","2012","195000",""
"Ukraine","2007","235195",""
"Ukraine","2002","-165445",""
"Ukraine","1997","-462264",""
"Ukraine","1992","74421",""
"Ukraine","1987","0",""
"Ukraine","1982","189092",""
"Ukraine","1977","104383",""
"Ukraine","1972","209851",""
"Ukraine","1967","267629",""
"Ukraine","1962","454164",""
"United Arab Emirates","2012","405000",""
"United Arab Emirates","2007","3493000",""
"United Arab Emirates","2002","1180000",""
"United Arab Emirates","1997","484452",""
"United Arab Emirates","1992","326830",""
"United Arab Emirates","1987","260931",""
"United Arab Emirates","1982","175581",""
"United Arab Emirates","1977","391216",""
"United Arab Emirates","1972","245222",""
"United Arab Emirates","1967","53823",""
"United Arab Emirates","1962","37882",""
"United Kingdom","2012","900000",""
"United Kingdom","2007","1523939",""
"United Kingdom","2002","968350",""
"United Kingdom","1997","498998",""
"United Kingdom","1992","205443",""
"United Kingdom","1987","98758",""
"United Kingdom","1982","-97495",""
"United Kingdom","1977","39119",""
"United Kingdom","1972","106415",""
"United Kingdom","1967","-84853",""
"United Kingdom","1962","142563",""
"United States","2012","5007887",""
"United States","2007","5070253",""
"United States","2002","5149157",""
"United States","1997","8692337",""
"United States","1992","4568941",""
"United States","1987","3686097",""
"United States","1982","3279260",""
"United States","1977","3872811",""
"United States","1972","2840495",""
"United States","1967","1495165",""
"United States","1962","958657",""
"Upper middle income","2012","1549768",""
"Upper middle income","2007","-3082022",""
"Upper middle income","2002","-3552469",""
"Upper middle income","1997","-3565022",""
"Upper middle income","1992","-6586993",""
"Upper middle income","1987","-2069215",""
"Upper middle income","1982","143271",""
"Upper middle income","1977","-3085708",""
"Upper middle income","1972","-3241026",""
"Upper middle income","1967","-2173194",""
"Upper middle income","1962","-3415868",""
"Uruguay","2012","-30000",""
"Uruguay","2007","-50000",""
"Uruguay","2002","-104000",""
"Uruguay","1997","-26000",""
"Uruguay","1992","-20000",""
"Uruguay","1987","-30000",""
"Uruguay","1982","-30000",""
"Uruguay","1977","-60000",""
"Uruguay","1972","-136000",""
"Uruguay","1967","-34000",""
"Uruguay","1962","-6000",""
"Uzbekistan","2012","-195001",""
"Uzbekistan","2007","-290000",""
"Uzbekistan","2002","-449997",""
"Uzbekistan","1997","-290000",""
"Uzbekistan","1992","-400002",""
"Uzbekistan","1987","-388436",""
"Uzbekistan","1982","-114387",""
"Uzbekistan","1977","78675",""
"Uzbekistan","1972","444273",""
"Uzbekistan","1967","444080",""
"Uzbekistan","1962","308297",""
"Vanuatu","2012","603",""
"Vanuatu","2007","1135",""
"Vanuatu","2002","-502",""
"Vanuatu","1997","-7087",""
"Vanuatu","1992","-295",""
"Vanuatu","1987","-2801",""
"Vanuatu","1982","-3312",""
"Vanuatu","1977","245",""
"Vanuatu","1972","1439",""
"Vanuatu","1967","-506",""
"Vanuatu","1962","67",""
"Venezuela, RB","2012","-69121",""
"Venezuela, RB","2007","-28395",""
"Venezuela, RB","2002","-7648",""
"Venezuela, RB","1997","-2061",""
"Venezuela, RB","1992","-572",""
"Venezuela, RB","1987","891",""
"Venezuela, RB","1982","1373",""
"Venezuela, RB","1977","1094",""
"Venezuela, RB","1972","892",""
"Venezuela, RB","1967","3172",""
"Venezuela, RB","1962","18874",""
"Vietnam","2012","-200002",""
"Vietnam","2007","-877681",""
"Vietnam","2002","-772336",""
"Vietnam","1997","-216001",""
"Vietnam","1992","-394236",""
"Vietnam","1987","-332327",""
"Vietnam","1982","-324942",""
"Vietnam","1977","-813123",""
"Vietnam","1972","0",""
"Vietnam","1967","0",""
"Vietnam","1962","0",""
"Virgin Islands (U.S.)","2012","-3604",""
"Virgin Islands (U.S.)","2007","-6191",""
"Virgin Islands (U.S.)","2002","-5272",""
"Virgin Islands (U.S.)","1997","-3936",""
"Virgin Islands (U.S.)","1992","-4618",""
"Virgin Islands (U.S.)","1987","-11156",""
"Virgin Islands (U.S.)","1982","-3492",""
"Virgin Islands (U.S.)","1977","1961",""
"Virgin Islands (U.S.)","1972","9407",""
"Virgin Islands (U.S.)","1967","3245",""
"Virgin Islands (U.S.)","1962","10270",""
"West Bank and Gaza","2012","-43750",""
"West Bank and Gaza","2007","-90000",""
"West Bank and Gaza","2002","-190000",""
"West Bank and Gaza","1997","70000",""
"West Bank and Gaza","1992","35000",""
"World","2012","0",""
"World","2007","0",""
"World","2002","0",""
"World","1997","0",""
"World","1992","0",""
"World","1987","0",""
"World","1982","0",""
"World","1977","0",""
"World","1972","0",""
"World","1967","0",""
"World","1962","0",""
"Yemen, Rep.","2012","-50000",""
"Yemen, Rep.","2007","0",""
"Yemen, Rep.","2002","-100000",""
"Yemen, Rep.","1997","-100000",""
"Yemen, Rep.","1992","672800",""
"Yemen, Rep.","1987","-50000",""
"Yemen, Rep.","1982","-50000",""
"Yemen, Rep.","1977","-75000",""
"Yemen, Rep.","1972","-353000",""
"Yemen, Rep.","1967","-245662",""
"Yemen, Rep.","1962","-100000",""
"Zambia","2012","-34490",""
"Zambia","2007","-124044",""
"Zambia","2002","-93014",""
"Zambia","1997","79445",""
"Zambia","1992","-22952",""
"Zambia","1987","2822",""
"Zambia","1982","58483",""
"Zambia","1977","17573",""
"Zambia","1972","26662",""
"Zambia","1967","-4245",""
"Zambia","1962","2500",""
"Zimbabwe","2012","-219922",""
"Zimbabwe","2007","-307650",""
"Zimbabwe","2002","-395554",""
"Zimbabwe","1997","-200000",""
"Zimbabwe","1992","-191803",""
"Zimbabwe","1987","120505",""
"Zimbabwe","1982","141524",""
"Zimbabwe","1977","-101516",""
"Zimbabwe","1972","-30360",""
"Zimbabwe","1967","-27996",""
"Zimbabwe","1962","-10001",""

